sender_id,receiver_id,probability_non_abuse,probability_abuse
1,100,0.6302520543634892,0.3697479456365108
2,102,0.6359035224840045,0.3640964775159955
2,101,0.642963627807796,0.3570363721922039
1,101,0.6662429767996073,0.3337570232003927
1,102,0.6794239772260189,0.3205760227739811
2,100,0.7196713920384645,0.2803286079615354
